doc_id,original_text,processed_text
1,What is the step by step guide to invest in share market in india?,step step guid invest share market india
2,What is the step by step guide to invest in share market?,step step guid invest share market
3,What is the story of Kohinoor (Koh-i-Noor) Diamond?,stori kohinoor koh-i-noor diamond
4,What would happen if the Indian government stole the Kohinoor (Koh-i-Noor) diamond back?,would happen indian govern stole kohinoor koh-i-noor diamond back
5,How can I increase the speed of my internet connection while using a VPN?,increas speed internet connect use vpn
6,How can Internet speed be increased by hacking through DNS?,internet speed increas hack dn
7,Why am I mentally very lonely? How can I solve it?,mental lone solv
8,"Find the remainder when [math]23^{24}[/math] is divided by 24,23?",find remaind math /math divid
9,"Which one dissolve in water quikly sugar, salt, methane and carbon di oxide?",one dissolv water quikli sugar salt methan carbon di oxid
10,Which fish would survive in salt water?,fish would surviv salt water
11,Astrology: I am a Capricorn Sun Cap moon and cap rising...what does that say about me?,astrolog capricorn sun cap moon cap rise ... say
12,"I'm a triple Capricorn (Sun, Moon and ascendant in Capricorn) What does this say about me?",'m tripl capricorn sun moon ascend capricorn say
13,Should I buy tiago?,buy tiago
14,What keeps childern active and far from phone and video games?,keep childern activ far phone video game
15,How can I be a good geologist?,good geologist
16,What should I do to be a great geologist?,great geologist
17,When do you use シ instead of し?,use シ instead し
18,"When do you use ""&"" instead of ""and""?",use `` '' instead `` ''
19,Motorola (company): Can I hack my Charter Motorolla DCX3400?,motorola compani hack charter motorolla dcx
20,How do I hack Motorola DCX3400 for free internet?,hack motorola dcx free internet
21,Method to find separation of slits using fresnel biprism?,method find separ slit use fresnel biprism
22,What are some of the things technicians can tell about the durability and reliability of Laptops and its components?,thing technician tell durabl reliabl laptop compon
23,How do I read and find my YouTube comments?,read find youtub comment
24,How can I see all my Youtube comments?,see youtub comment
25,What can make Physics easy to learn?,make physic easi learn
26,How can you make physics easy to learn?,make physic easi learn
27,What was your first sexual experience like?,first sexual experi like
28,What was your first sexual experience?,first sexual experi
29,"What are the laws to change your status from a student visa to a green card in the US, how do they compare to the immigration laws in Canada?",law chang statu student visa green card u compar immigr law canada
30,What are the laws to change your status from a student visa to a green card in the US? How do they compare to the immigration laws in Japan?,law chang statu student visa green card u compar immigr law japan
31,What would a Trump presidency mean for current international master’s students on an F1 visa?,would trump presid mean current intern master ’ student f visa
32,How will a Trump presidency affect the students presently in US or planning to study in US?,trump presid affect student present u plan studi u
33,What does manipulation mean?,manipul mean
34,What does manipulation means?,manipul mean
35,Why do girls want to be friends with the guy they reject?,girl want friend guy reject
36,How do guys feel after rejecting a girl?,guy feel reject girl
37,Why are so many Quora users posting questions that are readily answered on Google?,mani quora user post question readili answer googl
38,Why do people ask Quora questions which can be answered easily by Google?,peopl ask quora question answer easili googl
39,Which is the best digital marketing institution in banglore?,best digit market institut banglor
40,Which is the best digital marketing institute in Pune?,best digit market institut pune
41,Why do rockets look white?,rocket look white
42,Why are rockets and boosters painted white?,rocket booster paint white
43,What's causing someone to be jealous?,'s caus someon jealou
44,What can I do to avoid being jealous of someone?,avoid jealou someon
45,What are the questions should not ask on Quora?,question ask quora
47,How much is 30 kV in HP?,much kv hp
48,Where can I find a conversion chart for CC to horsepower?,find convers chart cc horsepow
49,What does it mean that every time I look at the clock the numbers are the same?,mean everi time look clock number
50,How many times a day do a clock’s hands overlap?,mani time day clock ’ hand overlap
51,What are some tips on making it through the job interview process at Medicines?,tip make job interview process medicin
52,What are some tips on making it through the job interview process at Foundation Medicine?,tip make job interview process foundat medicin
53,What is web application?,web applic
54,What is the web application framework?,web applic framework
55,Does society place too much importance on sports?,societi place much import sport
56,How do sports contribute to the society?,sport contribut societi
57,What is best way to make money online?,best way make money onlin
58,What is best way to ask for money online?,best way ask money onlin
59,How should I prepare for CA final law?,prepar ca final law
60,How one should know that he/she completely prepare for CA final exam?,one know he/sh complet prepar ca final exam
61,What's one thing you would like to do better?,'s one thing would like better
62,What's one thing you do despite knowing better?,'s one thing despit know better
63,What are some special cares for someone with a nose that gets stuffy during the night?,special care someon nose get stuffi night
64,How can I keep my nose from getting stuffy at night?,keep nose get stuffi night
65,What Game of Thrones villain would be the most likely to give you mercy?,game throne villain would like give merci
66,What Game of Thrones villain would you most like to be at the mercy of?,game throne villain would like merci
67,"Does the United States government still blacklist (employment, etc.) some United States citizens because their political views?",unit state govern still blacklist employ etc unit state citizen polit view
68,How is the average speed of gas molecules determined?,averag speed ga molecul determin
69,What is the best travel website in spain?,best travel websit spain
70,What is the best travel website?,best travel websit
71,Why do some people think Obama will try to take their guns away?,peopl think obama tri take gun away
72,Has there been a gun control initiative to take away guns people already own?,gun control initi take away gun peopl alreadi
73,I'm a 19-year-old. How can I improve my skills or what should I do to become an entrepreneur in the next few years?,'m -year-old improv skill becom entrepreneur next year
74,I am a 19 year old guy. How can I become a billionaire in the next 10 years?,year old guy becom billionair next year
75,"When a girlfriend asks her boyfriend ""Why did you choose me? What makes you want to be with me?"", what should one reply to her?",girlfriend ask boyfriend `` choos make want `` one repli
76,My girlfriend said that we should end this because she is confused about her feelings for me. I wished her well and disconnected. Should I call her and ask her if she wants to get back together?,girlfriend said end confus feel wish well disconnect call ask want get back togeth
77,How do we prepare for UPSC?,prepar upsc
78,How do I prepare for civil service?,prepar civil servic
79,What is the stall speed and AOA of an f-14 with wings fully swept back?,stall speed aoa f- wing fulli swept back
80,"Why did aircraft stop using variable-sweep wings, like those on an F-14?",aircraft stop use variable-sweep wing like f-
81,Why do Slavs squat?,slav squat
82,Will squats make my legs thicker?,squat make leg thicker
83,When can I expect my Cognizant confirmation mail?,expect cogniz confirm mail
84,When can I expect Cognizant confirmation mail?,expect cogniz confirm mail
85,"Can I make 50,000 a month by day trading?",make month day trade
86,"Can I make 30,000 a month by day trading?",make month day trade
87,Is being a good kid and not being a rebel worth it in the long run?,good kid rebel worth long run
88,Is being bored good for a kid?,bore good kid
89,What universities does Rexnord recruit new grads from? What majors are they looking for?,univers rexnord recruit new grad major look
90,What universities does B&G Foods recruit new grads from? What majors are they looking for?,univers b g food recruit new grad major look
91,What is the quickest way to increase Instagram followers?,quickest way increas instagram follow
92,How can we increase our number of Instagram followers?,increas number instagram follow
93,How did Darth Vader fought Darth Maul in Star Wars Legends?,darth vader fought darth maul star war legend
94,Does Quora have a character limit for profile descriptions?,quora charact limit profil descript
95,"What are the stages of breaking up between couple? I mean, what happens after the breaking up emotionally whether its a male or female?",stage break coupl mean happen break emot whether male femal
96,"Who is affected more by a breakup, the boy or the girl?",affect breakup boy girl
97,What are some examples of products that can be make from crude oil?,exampl product make crude oil
98,What are some of the products made from crude oil?,product made crude oil
99,How do I make friends.,make friend
100,How to make friends ?,make friend
101,Is Career Launcher good for RBI Grade B preparation?,career launcher good rbi grade b prepar
102,How is career launcher online program for RBI Grade B?,career launcher onlin program rbi grade b
103,"Will a Blu Ray play on a regular DVD player? If so, how?",blu ray play regular dvd player
104,How can you play a Blu Ray DVD on a regular DVD player?,play blu ray dvd regular dvd player
105,Nd she is always sad?,nd alway sad
106,Aerodynamically what happens when propellor rotates?,aerodynam happen propellor rotat
107,What is the best/most memorable thing you've ever eaten and why?,best/most memor thing 've ever eaten
108,What is the most delicious dish you've ever eaten and why?,delici dish 've ever eaten
109,How GST affects the CAs and tax officers?,gst affect ca tax offic
110,Why can't I do my homework?,ca n't homework
111,How difficult is it get into RSI?,difficult get rsi
112,Do you apply for programs like RSI when you're a rising senior?,appli program like rsi 're rise senior
113,Who is israil friend?,israil friend
114,Is my boyfriend lying about his true feelings for his friend and is he secretly attracted to her?,boyfriend lie true feel friend secretli attract
115,What are some good rap songs to dance to?,good rap song danc
116,What are some of the best rap songs?,best rap song
117,I was suddenly logged off Gmail. I can't remember my Gmail password and just realized the recovery email is no longer alive. What can I do?,suddenli log gmail ca n't rememb gmail password realiz recoveri email longer aliv
118,I can't remember my Gmail password or my recovery email. How can I recover my e-mail?,ca n't rememb gmail password recoveri email recov e-mail
119,What are the best ways to learn French?,best way learn french
120,How do I learn french genders?,learn french gender
121,How do I download content from a kickass torrent without registration?,download content kickass torrent without registr
122,Is Kickass Torrents trustworthy?,kickass torrent trustworthi
123,Is it normal to have a dark ring around the iris of my eye?,normal dark ring around iri eye
124,What causes a dark ring around the iris? How should it be treated?,caus dark ring around iri treat
125,How is the new Harry Potter book 'Harry Potter and the Cursed Child'?,new harri potter book 'harri potter cur child
126,How bad is the new book by J.K Rowling?,bad new book j.k rowl
127,Why do I always get depressed?,alway get depress
128,Why do I always get depressed in the evening?,alway get depress even
129,Where can I find a European family office database?,find european famili offic databas
130,Where do I find a U.S. family office database?,find u.s. famili offic databas
131,What is Java programming? How To Learn Java Programming Language ?,java program learn java program languag
132,How do I learn a computer language like java?,learn comput languag like java
133,What is the best book ever made?,best book ever made
134,What is the most important book you have ever read?,import book ever read
135,Can we ever store energy produced in lightning?,ever store energi produc lightn
136,Is it possible to store the energy of lightning?,possibl store energi lightn
137,What is your review of Performance Testing?,review perform test
138,What is performance testing?,perform test
139,At what cost does so much privacy as in Germany come? What else is lost to gain so much privacy?,cost much privaci germani come el lost gain much privaci
140,Are there any people who genuinely enjoy salad with no dressing?,peopl genuin enjoy salad dress
141,What are the types of immunity?,type immun
142,What are the different types of immunity in our body?,differ type immun bodi
143,What is a narcissistic personality disorder?,narcissist person disord
144,What is narcissistic personality disorder?,narcissist person disord
145,How I can speak English fluently?,speak english fluentli
146,How can I learn to speak English fluently?,learn speak english fluentli
147,How helpful is QuickBooks' auto data recovery support phone number to recover your corrupted data files?,help quickbook auto data recoveri support phone number recov corrupt data file
148,What is the quickbooks customer support phone number USA?,quickbook custom support phone number usa
149,Who is the richest gambler of all time and how can I reach his level?,richest gambler time reach level
150,Who is the richest gambler of all time and how can I reach his level as a gambler?,richest gambler time reach level gambler
151,If I fire a bullet backward from an aircraft going faster than the bullet; will the bullet be going backwards?,fire bullet backward aircraft go faster bullet bullet go backward
152,"Do bullets travel faster than the speed of sound when shot from a gun? If not, is it possible? If they do, what gun and how much devastation occurs?",bullet travel faster speed sound shot gun possibl gun much devast occur
153,How do I prevent breast cancer?,prevent breast cancer
154,Is breast cancer preventable?,breast cancer prevent
155,How do I log out of my Gmail account on my friend's phone?,log gmail account friend 's phone
156,How can I know who logged in to my Gmail account? (by telling his IP address or device name)?,know log gmail account tell ip address devic name
157,How can I make money through the Internet?,make money internet
158,"What are some different ways to make money online, excluding selling things?",differ way make money onlin exclud sell thing
159,What is purpose of life?,purpos life
160,What's the purpose of life? What is life actually about?,'s purpos life life actual
161,When will the BJP government strip all the Muslims and the Christians of the Indian citizenship and put them on boats like the Rohingya's of Burma?,bjp govern strip muslim christian indian citizenship put boat like rohingya 's burma
162,"Why India does not apply the ""Burma-Rohingya model"" to deport illegal Bangladeshis?",india appli `` burma-rohingya model '' deport illeg bangladeshi
163,What is the right etiquette for wishing a Jehovah Witness happy birthday?,right etiquett wish jehovah wit happi birthday
164,How important is it to be the first person to wish someone a happy birthday?,import first person wish someon happi birthday
165,"If someone wants to open a commercial FM radio station in any city of India, how much does it cost and what is the procedure?",someon want open commerci fm radio station citi india much cost procedur
166,"I want to make a travel commercial/clip video HD , For India and New Zealand. How much will it cost?",want make travel commercial/clip video hd india new zealand much cost
167,Why do Swiss despise Asians?,swiss despis asian
168,Why do technical employees despise sales people so much?,technic employe despis sale peopl much
169,What are some of the high salary income jobs in the field of biotechnology?,high salari incom job field biotechnolog
170,What are some high paying jobs for a fresher with an M.Tech in biotechnology?,high pay job fresher m.tech biotechnolog
171,How can I increase my height after 21 also?,increas height also
172,Can height increase after 25?,height increas
173,"What were the major effects of the cambodia earthquake, and how do these effects compare to the Kamchatca earthquakes in 1952?",major effect cambodia earthquak effect compar kamchatca earthquak
174,"What were the major effects of the cambodia earthquake, and how do these effects compare to the Valparaiso earthquake in 1822?",major effect cambodia earthquak effect compar valparaiso earthquak
175,What is the difference between sincerity and fairness?,differ sincer fair
176,What's the difference between honest and sincere?,'s differ honest sincer
177,Which is the best gaming laptop under 60k INR?,best game laptop k inr
178,Which is the best gaming laptop under Rs 60000?,best game laptop r
179,What is your review of The Next Warrior: Proving Grounds - Part 9?,review next warrior prove ground part
180,What is your review of The Next Warrior: Proving Grounds - Part 5?,review next warrior prove ground part
181,What is the best reference book for physics class 11th?,best refer book physic class th
182,"Which book should I choose for reference for physics and chemistry (class 11, CBSE board)?",book choos refer physic chemistri class cbse board
183,"National Institute of Technology, Kurukshetra: How is the social life at NITK, Surathkal?",nation institut technolog kurukshetra social life nitk surathk
184,"National Institute of Technology Karnataka (NITK) , Surathkal: To the graduating batch: What lessons would you want to give to your juniors before you leave?",nation institut technolog karnataka nitk surathk graduat batch lesson would want give junior leav
185,What are some of the best romantic movies in English?,best romant movi english
186,What is the best romantic movie you have ever seen?,best romant movi ever seen
188,What causes nightmares that seem real?,caus nightmar seem real
189,What is abstract expressionism in painting?,abstract expression paint
190,What are some of the major influences of abstract expressionism?,major influenc abstract expression
191,How does 3D printing work?,print work
192,How do 3D printing work?,print work
193,What was it like to attend Caltech with Jeremy Ehrhardt?,like attend caltech jeremi ehrhardt
194,Who are some notable folks who attended Caltech?,notabl folk attend caltech
195,Why did harry become a horcrux?,harri becom horcrux
196,What is a Horcrux?,horcrux
197,What are the best associate product manager (APM) programs that someone in their early 20s can join to learn product management and have a rewarding career in the company?,best associ product manag apm program someon earli join learn product manag reward career compani
198,What are the general requirement to become a Product Manager or a Program Manager in a product based software company?,gener requir becom product manag program manag product base softwar compani
199,Why is the number for Skype at 1-855-425-3768 always busy?,number skype -- alway busi
200,How could I get Skype to work on an android 4.1.1 phone?,could get skype work android .. phone
201,Will there really be any war between India and Pakistan over the Uri attack? What will be its effects?,realli war india pakistan uri attack effect
202,Will there be a nuclear war between India and Pakistan?,nuclear war india pakistan
203,Did Ronald Reagan have a mannerism in his speech?,ronald reagan manner speech
204,How did Ronald Reagan react to 9/11?,ronald reagan react
205,What were the war strategies of the Union and the Confederates during the Civil War?,war strategi union confeder civil war
206,How could the Confederates have possibly defeated Union forces at Gettysburg during the American Civil War?,could confeder possibl defeat union forc gettysburg american civil war
207,Which is the best fiction novel of 2016?,best fiction novel
208,Which are some of the best fiction novels?,best fiction novel
209,Can I recover my email if I forgot the password?,recov email forgot password
210,What should I do if I forgot my email password?,forgot email password
211,Will the recent demonetisation results in higher GDP? If so how much?,recent demonetis result higher gdp much
212,How demonetisation could affect the GDP of India in both short run and long run?,demonetis could affect gdp india short run long run
213,Have you ever heard of travel hacking?,ever heard travel hack
214,Can WhatsApp be hacked?,whatsapp hack
215,What's the difference between love and pity?,'s differ love piti
216,What is the difference between love and pity?,differ love piti
217,How competitive is the hiring process at Republic Bank?,competit hire process republ bank
218,How competitive is the hiring process at S & T Bank?,competit hire process bank
219,How Google helps in spam ranking adjustment of the search results?,googl help spam rank adjust search result
220,"What is the distribution of traffic between Google organic search results? e.g. #1 vs. #2 in rankings, first page vs. second page",distribut traffic googl organ search result e.g vs. rank first page vs. second page
221,Where can I watch gonulcelen with english subtitles?,watch gonulcelen english subtitl
222,Where can I watch sarrainodu with subtitles?,watch sarrainodu subtitl
223,Is USA the most powerful country of the world?,usa power countri world
224,Why is the USA the most powerful country of the world?,usa power countri world
225,How do you obtain an instant ulcer pain relief?,obtain instant ulcer pain relief
226,What is better for a low back pain: heat or ice?,better low back pain heat ice
227,What do you think China food?,think china food
228,How do you think of Chinese food?,think chine food
229,What does taking advantage of someone mean?,take advantag someon mean
230,Is it worse to take advantage of someone or be materialistic?,wors take advantag someon materialist
231,Why do we cry when we are happy and when we are sad?,cri happi sad
232,Why do we cry?,cri
233,Why do some girls like to stick their their tongues out when taking pictures?,girl like stick tongu take pictur
234,Why do teen girls (and women in general) allow their boyfriends to take naked pictures of them in this day and (digital) age?,teen girl woman gener allow boyfriend take nake pictur day digit age
235,"Did you find the ending of the novel ""1984"" depressing?",find end novel `` '' depress
236,"How do Winston and Julia differ in the novel ""1984""? How are they similar?",winston julia differ novel `` '' similar
237,What are some mind-blowing computer tools that exist that most people don't know about?,mind-blow comput tool exist peopl n't know
238,What are some mind-blowing technologies that exist that most people don't know about?,mind-blow technolog exist peopl n't know
239,Should the toothbrush be wet or dry before applying the toothpaste?,toothbrush wet dri appli toothpast
240,What is the cheapest toothpaste?,cheapest toothpast
241,Why my question was marked as needing imrovement?,question mark need imrov
242,How can I ask a question without getting marked as ‘need to improve’?,ask question without get mark ‘ need improv ’
243,What is the difference between a neutral state and a buffer state?,differ neutral state buffer state
244,"If every state of the USA declared war against each other, which would win?",everi state usa declar war would win
245,What mineral holds the highest electrical charge?,miner hold highest electr charg
246,What mineral can hold the greatest electrical charge?,miner hold greatest electr charg
247,What is the greatest mystery in the universe?,greatest mysteri univers
248,What is the greatest mystery of all time?,greatest mysteri time
249,What is the alternative to machine learning?,altern machin learn
250,How do I over-sample a multi-class imbalance data set?,over-sampl multi-class imbal data set
251,"Why does China block sanctions at the UN against the Jaish-e-Mohammad (JeM) chief, Masood Azhar?",china block sanction un jaish-e-mohammad jem chief masood azhar
252,Why does China support Masood Azhar?,china support masood azhar
253,What is the mean of future budget?,mean futur budget
254,What is the meaning of the future?,mean futur
255,Can excessive amounts of Vitamin C cause me to have a miscarriage?,excess amount vitamin c caus miscarriag
256,How can Vitamin C cause a miscarriage?,vitamin c caus miscarriag
257,What is it like to work in Asahi India Glass? What will be the pay scale after one or two years?,like work asahi india glass pay scale one two year
258,When will we get the Call Letter after we get the Letter of Intent in Asahi India Glass recruitment?,get call letter get letter intent asahi india glass recruit
259,How do I access Torbox in India?,access torbox india
260,How do I access Google.com from India?,access google.com india
261,What are some yakshini mantras?,yakshini mantra
262,What is a Yantra & Mantra?,yantra mantra
263,Was six party talks successful?,six parti talk success
264,Which course is better in NICMAR?,cours better nicmar
265,How do I register my domain site email?,regist domain site email
266,How do you register a .an domain?,regist .an domain
267,Is it normal for older men to be attracted to young women?,normal older men attract young woman
268,Why am I attracted to older men?,attract older men
269,What is the strongest structure or strongest shape under compression?,strongest structur strongest shape compress
270,What is the strongest Kevlar cord?,strongest kevlar cord
271,Who are the Rohingya Muslims?,rohingya muslim
272,Who are the Rohingya people?,rohingya peopl
274,Does it matter whether humanity is evil or not?,matter whether human evil
275,Are exocytosis and endocytosis examples of active or passive transport?,exocytosi endocytosi exampl activ passiv transport
276,What are examples of passive transport in cells?,exampl passiv transport cell
277,How i get hair on bald head?,get hair bald head
278,"If I shave my head for 2 years as am getting bald and then grew my hair, will the hair will be same as when I intially have? Or I loose more hair?",shave head year get bald grew hair hair intial loo hair
279,What is the ideal life after retirement?,ideal life retir
280,What's life after retirement?,'s life retir
281,What is our stance against Pakistan?,stanc pakistan
282,What is the stance of Pakistan in the possession of weapons of mass destruction by North korea? Does it support DPRK or is it against DPRK?,stanc pakistan possess weapon mass destruct north korea support dprk dprk
283,What are good websites for escorts?,good websit escort
284,How do I find a good escort?,find good escort
285,Which one is better polo diesel or grand i10 petrol?,one better polo diesel grand petrol
286,What is the best diet for a growing decathlete?,best diet grow decathlet
287,Does a black hole have mass?,black hole mass
288,Does a black hole have a finite mass?,black hole finit mass
289,"Is Morgan Freeman correct when he says the only way to stop racism, is to stop talking about it?",morgan freeman correct say way stop racism stop talk
290,What are your views about this Morgan Freeman quote about Racism?,view morgan freeman quot racism
291,Does Fab currently offer new employees stock options or RSUs?,fab current offer new employe stock option rsu
292,Does Uber currently offer new employees stock options or RSUs?,uber current offer new employe stock option rsu
293,How would you review the site Waveclues?,would review site waveclu
294,Is there a good pay for reviews site out there?,good pay review site
295,In how many ways can we distribute 10 identical looking pencils to 4 students so that each student gets at least one pencil?,mani way distribut ident look pencil student student get least one pencil
296,In how many ways 12 apples can be distributed among 4 children such that every child gets at least 2 apples?,mani way appl distribut among child everi child get least appl
297,How much would it cost to hire Jerry Seinfeld for 1-2 hours?,much would cost hire jerri seinfeld hour
298,How much on average would it cost to video tape a 2 hour presentation?,much averag would cost video tape hour present
299,Is 7 days too late for rabies vaccine after a possible non-bite exposure?,day late rabi vaccin possibl non-bit exposur
300,Can I take rabies injection after 1 day of dog bite?,take rabi inject day dog bite
301,How many years Britain ruled India?,mani year britain rule india
302,What is the standard amount of time off given for an international relocation?,standard amount time given intern reloc
303,How can I stop being afraid of working?,stop afraid work
304,How do you stop being afraid of everything?,stop afraid everyth
305,Why does Red keep the keys in OITNB?,red keep key oitnb
306,Why does Red keep the keys in season 4 of Orange is the New Black?,red keep key season orang new black
307,At what age should someone lose their virginity?,age someon lose virgin
308,"At what age, how, and where did you lose your virginity?",age lose virgin
309,How forgetful are you?,forget
310,How can I forget my wife?,forget wife
311,Could Snoke secretly be Darth Maul?,could snoke secretli darth maul
312,How could Snoke be Darth Plagueis if he was killed by Emperor Palpatine?,could snoke darth plaguei kill emperor palpatin
314,How do you upload movies on YouTube and monetize them? Is there any issue of copyright,upload movi youtub monet issu copyright
315,Would you switch from Canon 6D to Leica D-LUX 109?,would switch canon leica d-lux
316,What tripod should I get for my Canon 6D?,tripod get canon
317,What does the Quora website look like to members of Quora moderation?,quora websit look like member quora moder
319,Why nobody answer my questions in Quora?,nobodi answer question quora
320,Why is no one answering my questions in Quora?,one answer question quora
321,What is the funniest joke you know?,funniest joke know
322,What is the funniest joke of all time?,funniest joke time
323,"I got job offer @ Chelmsford-Essex, London with £3764 PM pay-after tax deduction. Pls advice tentative monthly expenses for couple? & saving possible?",got job offer chelmsford-essex london £ pm pay-aft tax deduct pl advic tent monthli expens coupl save possibl
324,"If I am leaving Norway, can I pay down my mortgage with my BSU account, and then sell my apartment without having to pay back the tax deduction I got for having BSU?",leav norway pay mortgag bsu account sell apart without pay back tax deduct got bsu
325,What are stereotypes about the United Kingdom?,stereotyp unit kingdom
326,What do Americans think about the United Kingdom?,american think unit kingdom
327,How do I use Twitter as a business source?,use twitter busi sourc
328,How can I use Twitter for business?,use twitter busi
329,How can I transfer money from Skrill to a PayPal account?,transfer money skrill paypal account
330,How can I send money from my PayPal account to my Skrill account to withdraw?,send money paypal account skrill account withdraw
331,Which is the best earphone with deep bass under 1000?,best earphon deep bass
332,Which is the Best earphones under Rs 1000?,best earphon r
333,Are government employees eligible to Sukanya Samrudi Yojana?,govern employe elig sukanya samrudi yojana
334,Can a Government employee apply IEC?,govern employe appli iec
335,Which is correct - 'Looking forward to speak with you' or 'Look forward to speak with you'?,correct 'look forward speak 'look forward speak
336,"Which is correct: ""speak with"" or ""speak to""?",correct `` speak '' `` speak ''
337,Which are the best engineering fields?,best engin field
338,What is the best field of engineering?,best field engin
339,How do you make life suit you and stop life from abusing you mentally and emotionally?,make life suit stop life abus mental emot
340,"Why are emotionally abusive people in my life? Several ex boyfriends, friends, and past coworkers/bosses have been abusers. Do I attract them?",emot abus peopl life sever ex boyfriend friend past coworkers/boss abus attract
341,What is the difference between gross salary and CTC?,differ gross salari ctc
342,"There seems to be a difference between my weekly paycheck and the yearly salary my employer agreed upon, how does that work?",seem differ weekli paycheck yearli salari employ agre upon work
343,Which are the prospering towns in Kerala?,prosper town kerala
344,Why are there so many Christians in Kerala?,mani christian kerala
345,What is the best way to gain confidence?,best way gain confid
346,How can I speak with more clarity and confidence?,speak clariti confid
347,Does anyone see the relation between Greek gods and Hindu gods?,anyon see relat greek god hindu god
348,"What parallelism can we draw between gods of Hindu mythology, Greek mythology, Egyptian mythology, etc.?",parallel draw god hindu mytholog greek mytholog egyptian mytholog etc
349,How do I switch from Apple Music to Spotify?,switch appl music spotifi
350,Should I switch from Spotify to Apple Music?,switch spotifi appl music
351,Which is the best fixed income fund?,best fix incom fund
352,What is the best fixed income fund?,best fix incom fund
353,What is it like to live in Cologne?,like live cologn
354,"What is it like to live in Köln, Germany?",like live köln germani
355,"Between Robert De Niro and Al Pacino, who is more successful?",robert de niro al pacino success
356,"Who do you regard as the best actor, Robert De Niro or Al Pacino?",regard best actor robert de niro al pacino
357,Why does some people prefer small families.?,peopl prefer small famili
358,Why do some people prefer to live with small family?,peopl prefer live small famili
360,Do animals (besides humans) kiss?,anim besid human kiss
361,How do you get deleted Instagram chats?,get delet instagram chat
362,How can I view deleted Instagram dms?,view delet instagram dm
363,How can I stop being addicted to love?,stop addict love
364,How do I stop being addicted to someone?,stop addict someon
365,What if I hired two private eyes and ordered them to follow each other?,hire two privat eye order follow
366,Would I be able to hire two private investigators and then get them to follow each other?,would abl hire two privat investig get follow
367,How do I find a startup accelerator?,find startup acceler
368,How do startup accelerators give you the funding?,startup acceler give fund
369,How can I check wifi history and access it through android phones?,check wifi histori access android phone
370,I cannot open Quora through my WiFi router. Why can I only access it through a mobile network?,open quora wifi router access mobil network
371,"What was the significance of the battle of Somme, and how did this battle compare and contrast to the Battle of Rostov?",signific battl somm battl compar contrast battl rostov
372,"What was the significance of the battle of Somme, and how did this battle compare and contrast to the Battle of Riyadh?",signific battl somm battl compar contrast battl riyadh
373,What is the most creative college admissions essay you've read?,creativ colleg admiss essay 've read
374,Has any college admission officer cried in public while reading an applicant's essay?,colleg admiss offic cri public read applic 's essay
375,"What would happen if you cover one of your eyes with an eye patch for one year, then take the patch off?",would happen cover one eye eye patch one year take patch
376,What happens if eye medicine enters the eye?,happen eye medicin enter eye
377,Is it possible to pursue many different things in life?,possibl pursu mani differ thing life
380,"No fanboys please, but who was the true batman, Christian Bale or Ben Affleck?",fanboy plea true batman christian bale ben affleck
381,Which business is good start up in Hyderabad?,busi good start hyderabad
382,Which business is better to start in Hyderabad?,busi better start hyderabad
383,How can I stop being so possessive?,stop possess
384,How do I stop being over possessive for a person whom I love?,stop possess person love
385,Who was the wife of Lord Krishna?,wife lord krishna
386,Who is the father of lord Krishna?,father lord krishna
387,What is the best combination of courses I can take up along with CA to enhance my career?,best combin cours take along ca enhanc career
388,What courses must be taken along with CA course?,cours must taken along ca cours
389,How do you take a screenshot on a Mac laptop?,take screenshot mac laptop
390,How do I take a screenshot on my MacBook Pro? What are some instructions?,take screenshot macbook pro instruct
391,What is the work of an executive recruiter like?,work execut recruit like
392,What is it like to work with an executive recruiter?,like work execut recruit
393,Which psychological need does 'collecting' fulfill?,psycholog need 'collect fulfil
394,Why do people collect things?,peopl collect thing
395,What are some must watch TV shows before you die?,must watch tv show die
396,Are there any must watch TV shows?,must watch tv show
397,How can I become more fluent in Chinese?,becom fluent chine
398,How can I become fluent in chinese?,becom fluent chine
400,What will be the impact of scrapping of ₹500 and ₹1000 rupee notes on the real estate market?,impact scrap ₹ ₹ rupe note real estat market
401,What is the easiest way to become a billionaire($)?,easiest way becom billionair
402,What is the best way to become a billionaire?,best way becom billionair
403,Are there People who are willing to give free lectures or conduct free workshop in India colleges?,peopl will give free lectur conduct free workshop india colleg
404,"Almost two weeks in on Prozac, why do I still feel antisocial and still don't want to go to events? Why does my social behavior and mood change daily?",almost two week prozac still feel antisoci still n't want go event social behavior mood chang daili
405,What's the best way to start learning robotics?,'s best way start learn robot
406,What is the best way to start robotics? Which is the best development board that I can start working on it?,best way start robot best develop board start work
407,Why do people hate Hillary Clinton?,peopl hate hillari clinton
408,What are the reasons that people dislike Hillary Clinton?,reason peopl dislik hillari clinton
409,Why are women who are on their periods are regarded as 'unclean' such that they are prevented in taking an actived part in rituals (Hinduism)?,woman period regard 'unclean prevent take activ part ritual hinduism
410,"Why is it always expected that a woman should take care of housework, children and cooking (especially in Indian culture)? Are these activities the responsibility of women alone? Why do men not share equally in such work?",alway expect woman take care housework child cook especi indian cultur activ respons woman alon men share equal work
411,"If atheism is the lack of belief in gods, what is the term for the belief that there is no god?",atheism lack belief god term belief god
412,"Is atheism the lack of belief in gods, or a claim that god does not exist?",atheism lack belief god claim god exist
413,What is it like to be Jack Dorsey?,like jack dorsey
414,What is Jack Dorsey like?,jack dorsey like
415,What are the best quotes/lessons of the Assassin's Creed series?,best quotes/lesson assassin 's creed seri
416,Which assassin has the best robes in Assassin's Creed?,assassin best robe assassin 's creed
417,"Do inkjet printers use color ink when printing black and white documents? If so, why?",inkjet printer use color ink print black white document
418,"If CMYK printers create black by using colored ink and only complementing with black ink, why do shops charge more for color prints?",cmyk printer creat black use color ink complement black ink shop charg color print
419,Why is creativity important?,creativ import
421,If Hillary Clinton could not continue her Presidential campaign how would the Democratic Party choose a new candidate?,hillari clinton could continu presidenti campaign would democrat parti choos new candid
422,If Hillary Clinton can no longer serve as the Democratic nominee how would her successor be chosen?,hillari clinton longer serv democrat nomine would successor chosen
423,How headphones work as an Antenna to play FM radio channels on Mobile phones? Why mobile companies doesn't install the same inbuilt Antenna on phones to be able to play FM without the headphones?,headphon work antenna play fm radio channel mobil phone mobil compani n't instal inbuilt antenna phone abl play fm without headphon
424,Why don't phones have a built-in FM antenna?,n't phone built-in fm antenna
425,What are the best career growth technologies for automation engineers apart from automation tools?,best career growth technolog autom engin apart autom tool
426,Himalayan or Duke KTM 200 for touring?,himalayan duke ktm tour
427,What are the disadvantages of listing a company in NSE?,disadvantag list compani nse
428,What are the benefits of listing a company in NSE?,benefit list compani nse
429,How many derivatives of an object's position with respect to time have to be continuous?,mani deriv object 's posit respect time continu
430,When does drawing become fun?,draw becom fun
431,Is the neutron star made up of?,neutron star made
432,Is the neutron star made up of only neutrons?,neutron star made neutron
433,I got a 3.8 GPA. Is it enough to get into top universities like Harvard?,got gpa enough get top univers like harvard
434,Is a 3.8 GPA sufficient to get into a top school?,gpa suffici get top school
435,What is a profitable way to trade binary options?,profit way trade binari option
436,What is binary options trading?,binari option trade
437,How do I utilize free time to avoid depression?,util free time avoid depress
438,Can a person graduating from IIMs like LIK and even the new IIMs like Ranchi and Trichy ever catch up to the graduates from ABC and get a similar package?,person graduat iim like lik even new iim like ranchi trichi ever catch graduat abc get similar packag
439,How can I learn computer security?,learn comput secur
440,How can I get started to learn information security?,get start learn inform secur
441,How do I earn from Quora?,earn quora
442,Can I earn money on Quora?,earn money quora
443,What is my puk code?,puk code
444,What's the PUK for TF64SIMC4?,'s puk tfsimc
445,How can I find job in Japan?,find job japan
446,How can I find an IT job in Japan?,find job japan
447,"What are some examples of sentences using the word ""hysteria""?",exampl sentenc use word `` hysteria ''
448,What is the best home wireless network setup and expected speeds?,best home wireless network setup expect speed
449,Will there be another billion dollar lottery Jackpot?,anoth billion dollar lotteri jackpot
450,When will the lottery reach the next billion dollar jackpot?,lotteri reach next billion dollar jackpot
451,How scary is it to drive on the road to Hana given all of the turns?,scari drive road hana given turn
452,Do I need a four-wheel-drive car to drive all the way on the Road to Hana?,need four-wheel-dr car drive way road hana
453,How do I create a new shell in a new terminal using C programming (Linux terminal)?,creat new shell new termin use c program linux termin
454,How do I create a new Terminal and new shell in Linux using C programming?,creat new termin new shell linux use c program
455,Does cognition affect perception?,cognit affect percept
456,Does cognitive strain affect digestion?,cognit strain affect digest
457,How TQWL is different from CKWL (Tatkal waiting list)?,tqwl differ ckwl tatkal wait list
458,I have made a railway reservation but got it on the Tatkal waiting list. Will I get a refund if I cancel it?,made railway reserv got tatkal wait list get refund cancel
459,How can we make the world a better place to live in for the future generations?,make world better place live futur gener
460,What can I do to make the world a better place?,make world better place
461,How many Champions are there in League of Legends?,mani champion leagu legend
462,Who is the best LoL (League of Legends) champion?,best lol leagu legend champion
463,Is drinking 4 liters of water each day unhealthy?,drink liter water day unhealthi
464,How many liters of water should I drink if I run 5kms daily?,mani liter water drink run km daili
465,"Where does the water from the Great Lakes come from, and how does these lakes wildlife compare to Lake Prespa?",water great lake come lake wildlif compar lake prespa
466,"Where does the water from the Great Lakes come from, and how does these lakes wildlife compare to Lake Como?",water great lake come lake wildlif compar lake como
467,Do porn stars watch porn?,porn star watch porn
468,How can I book Ronda Rousey to star in an adult movie?,book ronda rousey star adult movi
469,"Trump supporters, how do you feel about the way he's walking back his promises?",trump support feel way 's walk back promis
470,Do Trump supporters now expect the president to live up to his promises he so forcefully sold them on?,trump support expect presid live promis forc sold
471,Why are we worried about others' opinions?,worri other opinion
472,Why do we care for others' opinion and about what others think about us?,care other opinion other think u
473,How do you potty train a 4 months Pitbull?,potti train month pitbul
474,How do I potty train my two-month-old Labrador pup?,potti train two-month-old labrador pup
475,"If I jump rope for five minutes, how many calories will I use?",jump rope five minut mani calori use
476,What's the best way to jump rope?,'s best way jump rope
477,Which online test series is best for GATE 2017 in CS stream?,onlin test seri best gate c stream
478,Which test series is the best for GATE computer science stream?,test seri best gate comput scienc stream
479,What is the best material for understanding algorithmic analysis by a newbie?,best materi understand algorithm analysi newbi
480,What math does a complete newbie need to understand algorithms for computer programming? What books on algorithms are suitable for a complete beginner?,math complet newbi need understand algorithm comput program book algorithm suitabl complet beginn
481,What is the temperament of a Bullmastiff/Husky mix?,tempera bullmastiff/huski mix
482,What is the temperament of a Corgi-Husky mix?,tempera corgi-huski mix
483,"There are 8 balls. 7 of them weigh the same. 1 of them has a different weight, (you don't know if it's heavier or lighter). How do you find the odd ball with 2 weighs?",ball weigh differ weight n't know 's heavier lighter find odd ball weigh
484,"How many 4 digit numbers can be formed by using 0, 1, 2, 3, 4, 5, 6, and 7? How many of them are between 4000 and 6000?",mani digit number form use mani
485,"In the play ""A Raisin in the Sun"", why do Walter ad Beneatha argue?",play `` raisin sun '' walter ad beneatha argu
486,"In ""A Raisin in the Sun"", why do Walter and Beneatha argue?",`` raisin sun '' walter beneatha argu
487,What are the signs of an ultra smart person playing dumb?,sign ultra smart person play dumb
488,What are signs of ultra smart people hiding their intelligence?,sign ultra smart peopl hide intellig
489,If dark energy is created with expansion can infinite of it be created?,dark energi creat expans infinit creat
490,"If energy is not conserved in an expanding universe, is potential energy infinite (the energy that can be created is infinite)?",energi conserv expand univers potenti energi infinit energi creat infinit
491,How do you get a book published?,get book publish
492,What are the good ways to write and publish a book?,good way write publish book
494,Who will disrupt Bloomberg?,disrupt bloomberg
495,Why can flash run so fast?,flash run fast
496,The Flash (DC character): How fast can the Flash run a mile?,flash dc charact fast flash run mile
497,"What is the best way to invest $500 legally so that I can get tangible profits over a relatively short period of time, say 6 months?",best way invest legal get tangibl profit rel short period time say month
498,How can I best invest ₹5000 over the next 6 months?,best invest ₹ next month
499,How will the implementation of GST bill impact the lives of common people?,implement gst bill impact live common peopl
500,What exactly is GST bill and how exactly will it affect the common people?,exactli gst bill exactli affect common peopl
501,How can you recover your Gmail password?,recov gmail password
502,"I do not remember my password to my Gmail account, how can I recover my account?",rememb password gmail account recov account
503,How accurately can a mental illness can be diagnosed?,accur mental ill diagnos
504,How can I accurately diagnose and medicate my mental illness?,accur diagnos medic mental ill
505,Is knee pain in a 20 year old girl normal?,knee pain year old girl normal
506,Is it normal for a 14 year old girl to be spitting up blood?,normal year old girl spit blood
507,What are the qualities of a good leader?,qualiti good leader
508,What are some good qualities of a leader?,good qualiti leader
509,"What is the difference between bay, gulf and straits?",differ bay gulf strait
510,What exactly is the difference between a sea and a bay?,exactli differ sea bay
511,Will Modi win in 2019?,modi win
512,Can Narendra Modi become Prime Minister of India in 2019?,narendra modi becom prime minist india
513,How can I open DMart store in India? Is there any franchise for that?,open dmart store india franchis
514,How do I get reliance digital store franchise?,get relianc digit store franchis
515,What are the best YouTube channels to learn medicine?,best youtub channel learn medicin
516,What are some of the best YouTube channels for learning Git?,best youtub channel learn git
517,Did Swami Vivekananda ever eat non-veg or egg during his journey around the world?,swami vivekananda ever eat non-veg egg journey around world
518,Why don't most of the Hindus eat non-veg?,n't hindu eat non-veg
519,What will happen if I cancel TQWL tickets before the charting is done?,happen cancel tqwl ticket chart done
520,Can we cancel a 'Tatkal waiting list' ticket?,cancel 'tatkal wait list ticket
521,"What exactly is the ""Common Core Initiative/Standards"" and what are the pros and cons?",exactli `` common core initiative/standard '' pro con
522,What are the pros and cons of the Common Core Standards Initiative?,pro con common core standard initi
523,How do I choose a journal to publish my paper?,choos journal publish paper
524,Where do I publish my paper?,publish paper
525,What are your New Year's resolutions for 2017?,new year 's resolut
526,What is your creative New Year's resolution for 2017?,creativ new year 's resolut
527,What do you do if you had a bad dream?,bad dream
528,How do you not get bad dreams?,get bad dream
529,Do squats work for men?,squat work men
530,How many marks should I score for AIIMS rank 151?,mani mark score aiim rank
531,What minimum marks should I score to get among top 50 in AIIMS?,minimum mark score get among top aiim
532,"In an operating room, when two surgeons of equal experience disagree on a surgical procedure, how is the tie broken?",oper room two surgeon equal experi disagre surgic procedur tie broken
533,Doctors: How do surgeons hold out on surgeries more than 6 hours long? Do they rest during the operation?,doctor surgeon hold surgeri hour long rest oper
534,How many months does it take to gain knowledge in developing Android apps from scratch?,mani month take gain knowledg develop android app scratch
535,How much time does it take to learn Android app development from scratch?,much time take learn android app develop scratch
536,How do I love my body as a guy?,love bodi guy
537,"How can I make my whole body more fair, if I am a wheatish Indian guy?",make whole bodi fair wheatish indian guy
538,What are the rights of a prisoner?,right prison
539,"If I am in prison, what rights would I have?",prison right would
541,How can I get free gems Clash of Clans?,get free gem clash clan
542,Why aren't there more apps like Word Lens?,n't app like word len
543,What does Word Lens use for OCR?,word len use ocr
544,My ex-girlfriend is suffering from malaria. I have a deep urge of visiting her but I have my placements on. I have no idea how to be with her. What should I do?,ex-girlfriend suffer malaria deep urg visit placement idea
545,"Should I be worried that my girlfriend texts her ex-boyfriend till 4 a.m., and if so, why?",worri girlfriend text ex-boyfriend till a.m.
546,What is the best way to get traffic on your website?,best way get traffic websit
547,How do i get traffic for website?,get traffic websit
549,How does it feel to see upvotes to your answer on Quora?,feel see upvot answer quora
550,What are some of the best films and TV shows that feature strong female protagonists?,best film tv show featur strong femal protagonist
551,What are the best female strong characters in films?,best femal strong charact film
552,How far would you go for love? Should I wait for the one I love ir move on?,far would go love wait one love ir move
553,"As a thirteen year old, what is the best thing I can do for my health?",thirteen year old best thing health
554,How do most people die?,peopl die
555,How do people die?,peopl die
556,Why are most clothes made of polyester now instead of cotton?,cloth made polyest instead cotton
557,How are cotton clothes made?,cotton cloth made
558,What is in bone marrow?,bone marrow
559,What does bone marrow taste like?,bone marrow tast like
560,Were there any slave with the name Reddice?,slave name reddic
561,"In Ancient Rome, slaves were branded. What happened with the brand mark if they were subsequently liberated?",ancient rome slave brand happen brand mark subsequ liber
562,How long does it take for a dead body to float to the surface after drowning ?,long take dead bodi float surfac drown
563,"When a dead body is in a river, how long does it take before it floats?",dead bodi river long take float
564,How do I get over a friend with whom I haven't talked in 3 years but still miss him?,get friend n't talk year still miss
565,How do I get over someone I loved now that we broke up last year and I still miss her?,get someon love broke last year still miss
566,When travelling to a new region is it better to immerse yourself in 1–2 cities or to see as many cities as you can cram in?,travel new region better immers – citi see mani citi cram
567,What are the ways to explore world without spending more money?,way explor world without spend money
568,How can I make money online with free of cost?,make money onlin free cost
569,How do I to make money online?,make money onlin
570,Where can I buy best quality customized cupcakes in Gold Coast?,buy best qualiti custom cupcak gold coast
571,Where can I find delicious cupcakes at Gold Coast?,find delici cupcak gold coast
572,How successful was odd even plan?,success odd even plan
573,How successful was the Delhi's Odd-even plan?,success delhi 's odd-even plan
574,If there will be a war between India and Pakistan who will win?,war india pakistan win
575,Who will win if a war starts between India and Pakistan?,win war start india pakistan
576,How do you deal with a fear of dying?,deal fear die
577,How can you reduce your fear of dying?,reduc fear die
578,What would be the estimated cost of repairing the cracked screen of iphone 6?,would estim cost repair crack screen iphon
579,What is the price I have to pay for repairing a broken iPhone 6 screen? How can it be done?,price pay repair broken iphon screen done
580,What are the most interesting products and innovations that McDonald's is coming out with in 2016?,interest product innov mcdonald 's come
581,What are the most interesting products and innovations that Ball is coming out with in 2016?,interest product innov ball come
582,"Is there an end to the universe, and if not, is the universe infinite?",end univers univers infinit
583,Is the Universe infinite or is there an end to the Universe?,univers infinit end univers
584,What is CPAGrip.com?,cpagrip.com
585,What is bestmytest.com?,bestmytest.com
586,How much funds should I raise?,much fund rais
587,How much money should I raise?,much money rais
588,What Anna Hazare think about PM Modi?,anna hazar think pm modi
590,What will be the effect of banning 500 and 1000 notes on stock markets in India?,effect ban note stock market india
591,What will be the effect of the ban of the 1000rs and 500rs notes on the stock market?,effect ban r r note stock market
592,How does concentric contractions differ from eccentric contractions?,concentr contract differ eccentr contract
593,How do concentric and eccentric contraction compare and contrast?,concentr eccentr contract compar contrast
594,Why did the puppet they used for Yoda in Episode I suck so bad?,puppet use yoda episod suck bad
595,"Why do people not question ""news"" posts and opinions posted on social media websites?",peopl question `` news '' post opinion post social medium websit
596,On what online platforms can I post ads for beer money opportunity?,onlin platform post ad beer money opportun
597,What online platforms can I post ads for beer money opportunity?,onlin platform post ad beer money opportun
598,What the meaning of this all life?,mean life
599,What's are the meaning of life?,'s mean life
600,How should I start small business effectively?,start small busi effect
601,How should I start a small business in construction?,start small busi construct
602,How can we acquire a positive morality?,acquir posit moral
603,What are time deposits? Are RD and FD types of time deposits?,time deposit rd fd type time deposit
604,Do you need friends?,need friend
605,Why do we need friends?,need friend
606,Do I exist?,exist
608,Which are the best Hollywood thriller movies?,best hollywood thriller movi
610,"Should I repeat 2nd year in college, or find a new college? It's a 5 year course.",repeat nd year colleg find new colleg 's year cours
611,I study in Ashutosh College in Kolkata. Can I study in any other college in India in my 2nd year?,studi ashutosh colleg kolkata studi colleg india nd year
612,How is petrol or diesel pumped up in a filling station using a motor without igniting any fire?,petrol diesel pump fill station use motor without ignit fire
613,What happens when you fill a petrol car with diesel? What is the solution if such an incident happened?,happen fill petrol car diesel solut incid happen
614,What job possibilities exist for a Bachelors in Homeland Security?,job possibl exist bachelor homeland secur
617,What are good books to self study calculus?,good book self studi calculu
618,Why and how did you break up with her/him?,break her/him
619,How and why did you break up with your ex?,break ex
620,Can I use Jio SIM in iPhone 5s?,use jio sim iphon
621,Does iPhone 5S support JIO VoLTE?,iphon support jio volt
622,What are some unwritten rules in USA?,unwritten rule usa
623,What are some unwritten rules you have for your home?,unwritten rule home
624,What is the best answer to what you did in two years gap in a job interview?,best answer two year gap job interview
625,What is the best excuse to explain a gap (of one or two years) in your job career for a job interview?,best excus explain gap one two year job career job interview
626,What are the best songs for low voices?,best song low voic
627,What are some songs for a sweet airy mezzo voice?,song sweet airi mezzo voic
628,Can anyone predict my birth chart?,anyon predict birth chart
629,What can you tell me regarding this birth chart?,tell regard birth chart
630,When was the birth of the trigonometric functions?,birth trigonometr function
631,Who were the creators of trigonometry?,creator trigonometri
632,"What does this saying mean; ""Don't trust everything you see even salt looks like sugar""?",say mean `` n't trust everyth see even salt look like sugar ''
633,"People say ""don't try to please others."" Does being nice to others mean pleasing them?",peopl say `` n't tri plea other '' nice other mean plea
634,What do countries do to prevent war?,countri prevent war
635,How should countries prevent war?,countri prevent war
636,How can I become a billionaire?,becom billionair
637,How can I become a billionaire (in finance)?,becom billionair financ
638,Why should I learn web design?,learn web design
640,"What's the best on-line calender/scheduling/booking system? Something that allows me to show my availability & customers can 'request' to meet me. When I 'accept' their request, the appointment pops into our calendars & reminders are automated.",'s best on-lin calender/scheduling/book system someth allow show avail custom 'request meet 'accept request appoint pop calendar remind autom
641,Is there a web service that can send appointment sms-reminders to customers extracting data from Google calendar?,web servic send appoint sms-remind custom extract data googl calendar
642,How will Indian GDP be affected from banning 500 and 1000 rupees notes?,indian gdp affect ban rupe note
643,What will be the implications of banning 500 and 1000 rupees currency notes on Indian economy?,implic ban rupe currenc note indian economi
644,Why does understanding death philosophical?,understand death philosoph
645,What makes understanding death philosophical?,make understand death philosoph
646,Why are dogs considered omnivores?,dog consid omnivor
647,Are dogs carnivorous animals?,dog carnivor anim
648,What it is like to be cheated upon in a relationship?,like cheat upon relationship
649,What is it like to be in a relationship with someone you cheated with?,like relationship someon cheat
650,How do I know if someone blocked my texts?,know someon block text
651,If I turn of my user id off can I text someone that blocked me?,turn user id text someon block
652,What are the most interesting foods you have eaten in any country?,interest food eaten countri
653,What is it like to be a private banker?,like privat banker
654,What is like to be a private banker in Switzerland?,like privat banker switzerland
655,What is journalism for you?,journal
656,What is journalism?,journal
657,How can one increase concentration?,one increas concentr
658,How can I improve my concentration?,improv concentr
659,"How do I see ""sent invitations"" on Linkedin if I don't have any more pending invitations?",see `` sent invit '' linkedin n't pend invit
660,"How can you personalize a LinkedIn invitation? I think I just sent a colleague an invitation on LinkedIn, but did not get a chance to personalize it!",person linkedin invit think sent colleagu invit linkedin get chanc person
661,What are the pros and cons of the German Shepherd dog?,pro con german shepherd dog
662,What are the pros and cons of having a pet German Shepherd?,pro con pet german shepherd
663,What is the difference between deism and agnosticism?,differ deism agnostic
664,What is the difference between a hobby and a habit?,differ hobbi habit
665,Why do male porn stars masturbate to ejaculate?,male porn star masturb ejacul
666,Is it OK for a husband and wife to masturbate together? Is it considered cheating if your partner is masturbating without your consent?,ok husband wife masturb togeth consid cheat partner masturb without consent
667,How much CGPA I require to get an admission for MTech CSE at IIT Madras?,much cgpa requir get admiss mtech cse iit madra
668,Can I get a job in a consulting firm after Mtech in CSE from IIT?,get job consult firm mtech cse iit
669,Is there a biological reason that people cry when they are emotional?,biolog reason peopl cri emot
670,What is the biological reason for crying?,biolog reason cri
671,What are 5 facts about the earth's crust?,fact earth 's crust
672,How does the Earth's core affect its crust?,earth 's core affect crust
673,Why does ISRO not use friction stir welding technology?,isro use friction stir weld technolog
674,Should a guy re-evaluate his current relationship and feelings if he's worried about temptation hanging out with a girl that he was friends with?,guy re-evalu current relationship feel 's worri temptat hang girl friend
675,I wish to simulate a fake location for an app running on my iOS device. How do you fake a GPS location for iOS without jailbreaking as a non-coder?,wish simul fake locat app run io devic fake gp locat io without jailbreak non-cod
676,How can I fake my iPhone location without jailbreaking?,fake iphon locat without jailbreak
677,What would be the best way to quit smoking?,would best way quit smoke
678,How did you quit/stop smoking?,quit/stop smoke
679,Which is the best programing language for tcs?,best program languag tc
680,Which is the best programming language?,best program languag
681,Earthquake resistant homes?,earthquak resist home
683,Is Kristen Stewart a bad actress?  Why or why not?,kristen stewart bad actress
684,Is Jennifer Lawrence a bad actress?,jennif lawrenc bad actress
685,Why do some Japanese guys try to look feminine? Don't the girls find it gross?,japanes guy tri look feminin n't girl find gross
686,Why have most of the guys in India become so desperate? Don't they know that girls don't always look for relationships? Would it hurt guys to become our friend first?,guy india becom desper n't know girl n't alway look relationship would hurt guy becom friend first
687,What are the five most popular sugar daddy websites?,five popular sugar daddi websit
688,What is it like to date a cougar or a sugar daddy?,like date cougar sugar daddi
689,What is the VTU 1st sem exam time table of 2016 (Dec)?,vtu st sem exam time tabl dec
690,How do I frame my time table for 4 months to crack Gate 2016?,frame time tabl month crack gate
691,What is the best phone to buy below 15k?,best phone buy k
692,Which are best mobile phones to buy under 15000?,best mobil phone buy
693,How do we start a business?,start busi
694,How do I start business from nothing?,start busi noth
695,What's the best near-death experience you've ever had?,'s best near-death experi 've ever
696,Has anyone ever had a near-death experience?,anyon ever near-death experi
697,Why do I keep getting fleas from my dogs?,keep get flea dog
698,How can I keep my dog from getting fleas?,keep dog get flea
699,What year did the letter J come?,year letter j come
700,When was the Letter J created?,letter j creat
701,Harvard College Courses: What is general shopping advice for Turkish classes?,harvard colleg cours gener shop advic turkish class
702,Harvard College Courses: What is general shopping advice for Tamil classes?,harvard colleg cours gener shop advic tamil class
703,How do I send message from one Android phone to another Android phone through bluetooth?,send messag one android phone anoth android phone bluetooth
704,How do I transfer my contacts from one Android phone to another Android phone?,transfer contact one android phone anoth android phone
705,What are the most important books ever written?,import book ever written
706,What universities does Sigma Designs recruit new grads from? What majors are they looking for?,univers sigma design recruit new grad major look
707,What universities does Sigma-Aldrich recruit new grads from? What majors are they looking for?,univers sigma-aldrich recruit new grad major look
708,Can we do an M.Phil in India after doing Masters in UK (MA in Psychology)?,m.phil india master uk psycholog
709,I'm a masters student interested to work in Humanitarian sector. What are the skills required? I'm a medical doctor doing my masters in UK,'m master student interest work humanitarian sector skill requir 'm medic doctor master uk
710,What universities does Powell Industries recruit new grads from? What majors are they looking for?,univers powel industri recruit new grad major look
711,What universities does Chart Industries recruit new grads from? What majors are they looking for?,univers chart industri recruit new grad major look
712,What are some of the best movie posters you have come across?,best movi poster come across
713,What are the best & iconic movie posters?,best icon movi poster
714,What are some examples of deuteromycota and how are they formed?,exampl deuteromycota form
715,Could all bitcoin mining be done by a single Raspberry Pi?,could bitcoin mine done singl raspberri pi
716,How racist is too racist?,racist racist
717,How racist are you?,racist
718,Are there any differences between however and nevertheless?,differ howev nevertheless
719,What's the difference between between and among?,'s differ among
720,Are Canada Geese really Canadian?,canada gee realli canadian
721,What do Canadians call Canada?,canadian call canada
722,How do I find the zeros of the polynomial function [math]f(x)=\dfrac{1}{2}x^{3}-3x[/math]?,find zero polynomi function math f x =\dfrac x^ -x /math
723,How would you find the zero of the function for [math]y=\frac{4x^2 - 36x}{ x-9}[/math]?,would find zero function math y=\frac x^ x x- /math
724,How do I edit my devices on my Google play account?,edit devic googl play account
725,How do I add a second device to a Google Play account?,add second devic googl play account
726,How can I become a good speaker?,becom good speaker
728,How can I write a letter to Mr. Narendra Modi?,write letter mr. narendra modi
729,How can I write to Narendra Modi?,write narendra modi
730,Who is more electable in a general Presidential election: Donald Trump or Ted Cruz?,elect gener presidenti elect donald trump ted cruz
731,Who is more delusional: Donald Trump or Ted Cruz?,delusion donald trump ted cruz
732,Why do they name bastards Snow?,name bastard snow
733,"If Jon Snow is not Ned's bastard, why does Lady Catelyn hate him so much?",jon snow ned 's bastard ladi catelyn hate much
734,What do you think about the Bermuda Triangle?,think bermuda triangl
735,What are your theories about Bermuda Triangle?,theori bermuda triangl
736,Do Mexican girls like black guys?,mexican girl like black guy
737,Do girls like black guys with no beard?,girl like black guy beard
738,Have you lived in a tiny house?,live tini hous
739,Would you live in a tiny house?,would live tini hous
740,"What is a boy/girl called when he/she is 1-6 years old, 6-11years old, 11-14 years old, and 14-18 years old?",boy/girl call he/sh year old -year old year old year old
741,I am an 18 years old boy and I love a girl who's 14 years old. We both live Tamil Nadu. Is this a time to propose to her?,year old boy love girl 's year old live tamil nadu time propos
742,Can you debeak cockerels at 8 months old?,debeak cockerel month old
743,How much and with what should I feed my 3 months old raven?,much feed month old raven
745,What should I do to avoid depression and anxiety?,avoid depress anxieti
746,How do we avoid whey in Yogurt?,avoid whey yogurt
747,Is bad breath a sign of a strong stomach?,bad breath sign strong stomach
748,"Im in love with my bisexual best friend who is also a guy and has a girlfriend, and I want to tell him. How do I move on?",im love bisexu best friend also guy girlfriend want tell move
749,"I'm a girl and I'm in love my best friend (who is also a girl), what should I do?",'m girl 'm love best friend also girl
750,What is the best university in Germany for an MS?,best univers germani m
751,Which are the best universities in Germany for getting a degree in mechanical engineering?,best univers germani get degre mechan engin
752,How do I maintain my peace of mind?,maintain peac mind
754,Which car has good build quality in india?,car good build qualiti india
755,Is Volkswagen a good reliable car?,volkswagen good reliabl car
756,Why does massaging one's temples soothe a migraine or headache?,massag one 's templ sooth migrain headach
757,What are the causes and most effective ways to treat or cure migraine headaches?,caus effect way treat cure migrain headach
758,Which one is better among KMC Manipal and KMC Mangalore?,one better among kmc manip kmc mangalor
759,What is the brief comparison of KMC in Manipal and Mangalore?,brief comparison kmc manip mangalor
760,Why are my bestfriend still ignoring me?,bestfriend still ignor
761,What should I do when my bestfriend is ignoring me?,bestfriend ignor
762,What are the sensors available in Acer Liquid Z630S Android Smart phone by using CPU-Z App?,sensor avail acer liquid z android smart phone use cpu-z app
763,Which useful Android phone apps are not available in the Google Play store?,use android phone app avail googl play store
764,How do I keep motivation to learn a language?,keep motiv learn languag
765,How do you keep motivated when you learn a new language?,keep motiv learn new languag
766,What are the top assessment companies in India?,top assess compani india
767,Which are the top firms in Skills assessment industry in India and Globally?,top firm skill assess industri india global
768,What does @ mean as an emoticon?,mean emoticon
769,Emoticons: What does “:/” mean?,emoticon “ ” mean
770,Is a pinkish discharge normal in early pregnancy? What causes it?,pinkish discharg normal earli pregnanc caus
771,What did nicholas piramal do with 17500 cr?,nichola piram cr
772,What are the best ways to properly finger yourself?,best way properli finger
773,What would be the best way of keeping yourself amused in a prison?,would best way keep amus prison
774,How do scientists work?,scientist work
775,Where do scientists work?,scientist work
776,How many sponsored candidates are shortlisted for CMC vellore?,mani sponsor candid shortlist cmc vellor
777,"What is the office culture and woking at Patanjali office, haridwar?",offic cultur woke patanjali offic haridwar
778,What is the different between Chinese wedding ceremony and western wedding ceremony?,differ chine wed ceremoni western wed ceremoni
779,What is the difference between Chinese and Western style wedding?,differ chine western style wed
780,What is the condition of tourism in Pakistan?,condit tourism pakistan
781,Preferable PG courses for BE (EEE) student in Tamil Nadu?,prefer pg cours eee student tamil nadu
782,What is the different between offshore and onshore funds?,differ offshor onshor fund
783,What is the difference between offshore and onshore?,differ offshor onshor
785,Why do people hate Shahrukh Khan and why do people feel that he is not an Indian?,peopl hate shahrukh khan peopl feel indian
786,What are the best self-help books you've ever read?,best self-help book 've ever read
787,What are the top self help books I should read?,top self help book read
788,Is Evernote useful?,evernot use
789,What is Evernote used for?,evernot use
790,A title for my continuation to The Gift of the Magi?,titl continu gift magi
791,How do I start my continuation for the Gift of the Magi?,start continu gift magi
792,What is a good song to lyric prank your best friend?,good song lyric prank best friend
793,What are some good lyric prank songs to send your best friends?,good lyric prank song send best friend
794,I argued with my gf that she made friends with the person that hit on her. She said I'm a control freak and she wants her freedom. What should I do?,argu gf made friend person hit said 'm control freak want freedom
795,I'm a girl in middle school. My best friends are all girls. I've found out that I'm bisexual. How do I tell my best friend who's a girl without her freaking out and it changing our whole friendship?,'m girl middl school best friend girl 've found 'm bisexu tell best friend 's girl without freak chang whole friendship
796,How do I pass a drug test for methamphetamine?,pas drug test methamphetamin
797,Can hair dye help pass a hair follicle drug test for daily meth smokers?,hair dye help pas hair follicl drug test daili meth smoker
798,How could start with open source development?,could start open sourc develop
799,How should I start contributing to open source projects?,start contribut open sourc project
801,"If you dream about some kind of harm, will there be injuries in real life?",dream kind harm injuri real life
802,Do cricket players really drink tea on a tea break?,cricket player realli drink tea tea break
803,Do cricketers actually drink tea during tea break?,cricket actual drink tea tea break
804,How can I get entry in MIT?,get entri mit
805,What are the requirements for selection into MIT?,requir select mit
806,Does a fetus breathe when it's inside a womb?,fetu breath 's insid womb
807,How does a fetus exhale in the womb?,fetu exhal womb
808,What are movies with incest scenes?,movi incest scene
809,Are there any good incest movie?,good incest movi
810,"What are the signs that a guy has feelings for you or has a crush on you, but doesn't want to show it, so he hides it?",sign guy feel crush n't want show hide
811,The guy I'm dating never texts me and I feel like he doesn't care about me but when I see him he shows me he likes me and wants me. Why do I feel this way?,guy 'm date never text feel like n't care see show like want feel way
812,"According to the International Federation of Robotics, how many robots existed in 2012?",accord intern feder robot mani robot exist
813,What type of belt can be used to lift 200 Kg continuously?,type belt use lift kg continu
814,"Why is Oberon mad at Titania in ""A Midsummer Night's Dream""?",oberon mad titania `` midsumm night 's dream ''
815,"Why does Oberon punish Titania in ""A Midsummer Night's Dream""?",oberon punish titania `` midsumm night 's dream ''
816,Do you regret your divorce?,regret divorc
817,Have you ever regretted your divorce?,ever regret divorc
818,"How much does your DNA change over time? If I were to clone myself 70 years from now, will the clone have the same hair color?",much dna chang time clone year clone hair color
819,How much can a person's DNA change from birth to death in a life span of approximately 70 years?,much person 's dna chang birth death life span approxim year
820,Is it right to tell a girl the you have feelings for her?,right tell girl feel
821,What are some cool facts about Facebook?,cool fact facebook
822,"Is Donald Trump taking cocaine, as Howard Dean suggests?",donald trump take cocain howard dean suggest
824,"Is it true that in order to be part of an elite or just rich and successful, you have to join a secret organisation otherwise no chance at all?",true order part elit rich success join secret organis otherwis chanc
825,What is the syllabus for ICSE 2017 geography map?,syllabu ic geographi map
826,Which is more financially beneficial: being in a firm or teaching in an architecture college?,financi benefici firm teach architectur colleg
827,"Why might career training programs be more beneficial than a college degree, if at all, to aspiring entrepreneurs and tycoons?",might career train program benefici colleg degre aspir entrepreneur tycoon
828,How can I see the Comedy Nights with Kapil live show?,see comedi night kapil live show
829,What is the way to watch Comedy Nights with Kapil live on the sets?,way watch comedi night kapil live set
830,Why is sandeep maheshwari not on Quora?,sandeep maheshwari quora
831,Who is Sandeep Maheshwari?,sandeep maheshwari
832,What is the biggest monster in Monster Hunter?,biggest monster monster hunter
833,Is there a Monster Hunter PC game?,monster hunter pc game
834,How can I convince people to stop blaspheming against the Holy Spirit?,convinc peopl stop blasphem holi spirit
835,Does it matter from which college you do your graduation (BCom) from for admission into a top Indian B-School even If I score high(99%+)?,matter colleg graduat bcom admiss top indian b-school even score high
836,Why can't I stop watching porn?,ca n't stop watch porn
837,Why should / shouldn't I watch porn?,n't watch porn
838,How can I start trusting any one?,start trust one
839,How can one learn to trust again?,one learn trust
841,What is your bucket list?,bucket list
842,How did you first come across porn?,first come across porn
843,How were you first introduced to porn?,first introduc porn
844,"Which car services are available in Normal, IL? How good are they compared to taxis and relative to each other?",car servic avail normal il good compar taxi rel
845,Which car services are available in Atlanta? How good are they compared to taxis and relative to each other?,car servic avail atlanta good compar taxi rel
846,Why can’t charged molecules pass through the lipid cell membrane?,’ charg molecul pas lipid cell membran
847,Why can't sodium channels pass through potassium channels?,ca n't sodium channel pas potassium channel
848,How does it feel to be a spouse of a renowned porn star?,feel spous renown porn star
849,How can I get rid of the feeling that my spouse is cheating on me?,get rid feel spous cheat
850,What is the best hostel booking affiliate program?,best hostel book affili program
851,Which is the best non AC girls hostel in Srm?,best non ac girl hostel srm
852,"How can the drive from Brooklyn to Staten Island be described, and how do these cities' tourist attractions compare to those in Queens?",drive brooklyn staten island describ citi tourist attract compar queen
853,"How can the drive from Brooklyn to Staten Island be described, and how do these cities' tourist attractions compare to other tourist attractions?",drive brooklyn staten island describ citi tourist attract compar tourist attract
854,What can I eat every day to be more healthy?,eat everi day healthi
855,Is it healthy to eat a whole avocado every day?,healthi eat whole avocado everi day
856,How do I make free calls to family members on Airtel Andhra Pradesh?,make free call famili member airtel andhra pradesh
857,How do I get Facebook badge notifications on HTC 10?,get facebook badg notif htc
859,What will Hillary Clinton do now?,hillari clinton
860,Should I use Vicks Vapor Rub for a stuffy nose?,use vick vapor rub stuffi nose
861,How do you apply Vicks Vapor rub to treat a stuffy nose?,appli vick vapor rub treat stuffi nose
862,How I start prepare for UGC net English literature latest syllabus?,start prepar ugc net english literatur latest syllabu
863,How do I prepare for Net JRF in English literature?,prepar net jrf english literatur
864,How did early Europeans get protein before the Columbian Exchange?,earli european get protein columbian exchang
865,How did they say breakfast in Portuguese before coffee was introduced to Europeans & the Portuguese language?,say breakfast portugues coffe introduc european portugues languag
866,What is the best forum for graphic designers?,best forum graphic design
867,Who is the best graphic designer in israel?,best graphic design israel
868,Is Alex Jones a satirical show?,alex jone satir show
869,How is The Canterbury Tales a satire?,canterburi tale satir
870,Should I learn AngularJS 1.5 instead of AngularJS 2 if I don't know TypeScript?,learn angularj instead angularj n't know typescript
871,Which should I start with: Angular 2 or AngularJS 1?,start angular angularj
872,Why can't we fall asleep on some days?,ca n't fall asleep day
873,Why do we fall asleep?,fall asleep
874,Which Marvel movies have not included Stan Lee cameos?,marvel movi includ stan lee cameo
875,What is your favourite Stan Lee cameo in a Marvel film?,favourit stan lee cameo marvel film
876,What are your views on Modi governments decision to demonetize 500 and 1000 rupee notes? How will this affect economy?,view modi govern decis demonet rupe note affect economi
877,What are your views on ban of 500 and 1000 rupee notes in India?,view ban rupe note india
878,What does the 10/6 label on the Mad Hatter's hat mean?,label mad hatter 's hat mean
879,How do you find a figure labeled this way in a textbook?,find figur label way textbook
880,Who wrote the Kars for Kids jingle?,wrote kar kid jingl
881,I am a freelance musician. How can I get into the jingle industry?,freelanc musician get jingl industri
882,Why is Saltwater Taffy candy imported in Greece?,saltwat taffi candi import greec
883,Why is Saltwater taffy candy imported in China?,saltwat taffi candi import china
884,What are the minimum requirements to enter MIT?,minimum requir enter mit
886,How do you answer a question on Quora?,answer question quora
887,What is the best thing you've ever learned on Quora?,best thing 've ever learn quora
888,Israel vs Iran: who would win?,israel v iran would win
889,"If Israel and Iran went to war, who would win?",israel iran went war would win
890,When is it too late to learn the piano?,late learn piano
891,I'm almost 40. Is it too late for me to learn piano?,'m almost late learn piano
892,What are natural numbers?,natur number
893,What is a least natural number?,least natur number
894,Is One Plus 3T 4G VoLTE enabled phone?,one plu g volt enabl phone
895,Which phone to buy Moto m or one plus 3t?,phone buy moto one plu
896,How do I enter a new email ID which I can access to recover my Facebook ID?,enter new email id access recov facebook id
897,I lost all my ID. I am adopted and can't access my original birth certificate. How do I replace my ID without even a birth certificate?,lost id adopt ca n't access origin birth certif replac id without even birth certif
898,How we can travel faster than light?,travel faster light
899,Is it possible to travel faster than light?,possibl travel faster light
900,What is it like being a firefighter?,like firefight
901,What's it like to be a firefighter?,'s like firefight
902,What are the factors that causes data inconsistency in distributed platform/application?,factor caus data inconsist distribut platform/appl
903,What are the main data platform?,main data platform
904,What are the differences between POCSO and sexual offenses in the IPC?,differ pocso sexual offens ipc
905,Do we need the IPC section 375?,need ipc section
906,"What is an alternative for the word ""is""?",altern word `` ''
907,What is the alternative word for creative?,altern word creativ
908,What is considered an illegal screen in the NBA?,consid illeg screen nba
909,Shaquille O'Neal considers Tim Duncan a power forward therefore disqualifying Duncan from the NBA great big men discussion. Does O'Neal have a point?,shaquil o'neal consid tim duncan power forward therefor disqualifi duncan nba great big men discus o'neal point
910,Nothing excites me anymore. How do I regain that excitement?,noth excit anymor regain excit
911,Why do I feel like I'm excited about something when I have nothing to be excited about?,feel like 'm excit someth noth excit
912,What are the life lessons that Batman teaches us?,life lesson batman teach u
913,What are the life lessons you can learn from the dark knight?,life lesson learn dark knight
914,How do you stop a criminal's attempt to kidnap you so you escape unharmed?,stop crimin 's attempt kidnap escap unharm
915,How do you stop a criminal's attempt to kidnap you and escape unharmed?,stop crimin 's attempt kidnap escap unharm
916,How do I sell on Amazon?,sell amazon
917,How do I start selling on Amazon?,start sell amazon
918,Daniel Ek: When an we expect Spotify in India?,daniel ek expect spotifi india
919,Daniel Ek: Are there any future plans of releasing Spotify in India?,daniel ek futur plan releas spotifi india
920,What are the top 10 books one should read in his or her early 20s?,top book one read earli
921,What books are worth reading in early 20s?,book worth read earli
922,Which book should I start with for the GATE preparation?,book start gate prepar
923,What book do I start with for GATE preparation?,book start gate prepar
924,"What does the phrase ""He who does not love abides in death"" exactly mean?",phrase `` love abid death '' exactli mean
925,"What does the phrase ""love begets love"" mean?",phrase `` love beget love '' mean
926,What is similar to 4Shared?,similar share
927,What is similar to 4shared but better?,similar share better
928,Can you get high if someone touches weed and then you shake their hand and then you eat something with that same hand?,get high someon touch weed shake hand eat someth hand
929,"If someone grabs you by your shirt with both their hands and tells you to shut up, is that assault and can you call the police?",someon grab shirt hand tell shut assault call polic
930,Considering the current trend of information technology what is the future of print media?,consid current trend inform technolog futur print medium
931,What is this model's name? I see her everywhere.,model 's name see everywher
932,What is the best recipe for chicken pizza?,best recip chicken pizza
933,What are some good pizza recipes?,good pizza recip
934,What are some good places to learn mountaineering in India?,good place learn mountain india
935,What are some good mountaineering institutes for a beginner level mountaineering course?,good mountain institut beginn level mountain cours
936,Do new table tennis balls damage rubbers?,new tabl tenni ball damag rubber
937,How do you unlock a car with a tennis ball?,unlock car tenni ball
938,My new Xbox one S can't connect to internet during setup. Any solutions?,new xbox one ca n't connect internet setup solut
939,Can I withdraw my money from any branch of particular bank .my bank is bank of Baroda I have no Atm card and cheque book?,withdraw money branch particular bank .mi bank bank baroda atm card chequ book
940,Is it wrong for me to be content with my life?,wrong content life
941,What is a cover story?,cover stori
942,Is gravity only a theory?,graviti theori
943,"According to the M-theory, there are 11 dimensions. Why are only 5 dimensions in regards to gravity addressed in Interstellar?",accord m-theori dimens dimens regard graviti address interstellar
944,How could I become a fighter pilot when I have less than the required eyesight?,could becom fighter pilot less requir eyesight
945,I have terrible eyesight. Can I still become a fighter pilot in the Air Force?,terribl eyesight still becom fighter pilot air forc
946,Operation executive salary in Infosys?,oper execut salari infosi
947,"How do I do the Wake Back To Bed lucid dreaming technique when I think I have restless leg syndrome (regardless, my legs hurt at night.)?",wake back bed lucid dream techniqu think restless leg syndrom regardless leg hurt night
948,Have cavemen been scientifically tested?,caveman scientif test
949,Have mythical creatures been scientifically tested?,mythic creatur scientif test
950,Can climate change be reversed?,climat chang revers
951,Can the global climate change be reversed or halted?,global climat chang revers halt
952,How should ask my crush for her number?,ask crush number
953,What should I ask my crush?,ask crush
954,Why do I believe that gravitation force exist?,believ gravit forc exist
955,Does gravitational force exists in all planets?,gravit forc exist planet
956,Did Mahabharata really happen?,mahabharata realli happen
957,Did Mahabharata really happen or only an allegory according to M.K.Gandhi?,mahabharata realli happen allegori accord m.k.gandhi
958,Can Congress stop Presidents from starting a major war?,congress stop presid start major war
959,What's a good source to purchase Attorneys eMail addresses? Thanks,'s good sourc purchas attorney email address thank
960,Is it safe to lose 25 pounds in 1 month?,safe lose pound month
961,Is it healthy to lose 13 pounds in a month?,healthi lose pound month
962,What are some cute shounen ai series?,cute shounen ai seri
963,When will the Pokémon series end?,pokémon seri end
964,Why are police lights red and blue?,polic light red blue
966,How do I post a question that was marked as needing improvement?,post question mark need improv
967,"Why was my question marked as ""needs improvement?""",question mark `` need improv ''
968,Who owns nature?,own natur
969,Who owns Natural Factors?,own natur factor
970,How can I install OBB/data file on an Android?,instal obb/data file android
971,I want to install EXE extension files in Android mobile. Is it possible?,want instal exe extens file android mobil possibl
972,What is garbage value? And Why do we get garbage value in c?,garbag valu get garbag valu c
973,What is garbage value in c?,garbag valu c
974,How do I prepare for software interviews?,prepar softwar interview
976,Does Rahul Gandhi have any chance to become next PM of India after Modi?,rahul gandhi chanc becom next pm india modi
977,Does Rahul Gandhi have chances to become next Pm of India after Modi?,rahul gandhi chanc becom next pm india modi
978,Is noon 12 am or 12 pm?,noon pm
979,Is it good to do gym at morning and swimming at noon?,good gym morn swim noon
980,What is the difference between a comet and an asteroid?,differ comet asteroid
981,What is the difference between asteroids and comets?,differ asteroid comet
982,Is chocolate milk good for you?,chocol milk good
983,Why is unrefrigerated milk good for you?,unrefriger milk good
984,How should I study,studi
985,What are some tricks to study effectively?,trick studi effect
986,Which country is best for higher education and work?,countri best higher educ work
987,Which is the best country for higher education after USA and UK?,best countri higher educ usa uk
988,What is the painting on this image?,paint imag
989,What is this painting?,paint
990,Which are the major highways in California and how are they compared to the major highways in Tennessee?,major highway california compar major highway tennesse
991,Which are the major highways in California and how are they compared to the major highways in Texas?,major highway california compar major highway texa
992,What's beyond our Universe?,'s beyond univers
993,"If space is expanding, where does the new space come from?",space expand new space come
994,Is growing of hair a physical or a chemical change?,grow hair physic chemic chang
995,Can a bald person ever grow their hair back?,bald person ever grow hair back
996,What is the difference between culture and history?,differ cultur histori
997,How is chili different between cultures?,chili differ cultur
998,What does it mean when a guy says I like you?,mean guy say like
999,"What does it mean when a guy says ""Be safe""?",mean guy say `` safe ''
1000,"What makes a programmer ""good?""",make programm `` good ''
1001,What makes a good programmer great?,make good programm great
1002,What will most likely cause World War III?,like caus world war iii
1003,Is World War III imminent?,world war iii immin
1004,Is civil war likely after the US presidential election?,civil war like u presidenti elect
1005,Is the US at risk of some type of uprising after the election?,u risk type upris elect
1006,Which European country is the best for asylum seekers?,european countri best asylum seeker
1007,What are the best countries for whistleblowers to seek asylum?,best countri whistleblow seek asylum
1008,Where and how do the crop circles get generated?,crop circl get gener
1009,What are crop circles?,crop circl
1010,Will baking soda help pass a urine test?,bake soda help pas urin test
1011,How does baking soda help you pass a drug test?,bake soda help pas drug test
1012,What is Zika virus and how is it transmitted?,zika viru transmit
1013,How is Zika virus spread?,zika viru spread
1014,What is the best way to learn algebra by yourself?,best way learn algebra
1015,How do you learn algebra 1 fast?,learn algebra fast
1016,How does it feel to retake a class in college?,feel retak class colleg
1017,Does retaking subjects in college affect future job prospects?,retak subject colleg affect futur job prospect
1018,Does Google Display Network require any site to have it SEO (on-page and off-page optimized) first before they can proceed with GDN? Is this possible?,googl display network requir site seo on-pag off-pag optim first proceed gdn possibl
1019,How can I get my name off the first page on Google search?,get name first page googl search
1020,"How hard is it to fake appearing ""spiritual"" in a Christian community?",hard fake appear `` spiritu '' christian commun
1021,Why did the Battle of Agincourt happen? How does it compare to the Battle of Edge Hill?,battl agincourt happen compar battl edg hill
1022,What is an actinomorphic flower?,actinomorph flower
1023,Flowers: What is vaijanti?,flower vaijanti
1024,What is the best place for sex?,best place sex
1025,What is the best place to have sex from?,best place sex
1026,Do people with anemia die younger?,peopl anemia die younger
1027,Does anemia increase irritability?,anemia increas irrit
1028,"How do you feel about the new MacBook Pro, late 2016?",feel new macbook pro late
1029,Should I get the new Macbook Pro?,get new macbook pro
1030,Does covering your head while sleeping cause brain damage?,cover head sleep caus brain damag
1031,Does binge drinking cause long term brain damage?,bing drink caus long term brain damag
